{
  "shape": [
    10,
    30
  ],
  "densities": [
    [
      0.9963809796910054,
      0.9807525351532068,
      0.989765097276941,
      0.9987924509053822,
      1.0,
      0.990530822909558,
      0.9210568324375776,
      0.8863026163780983,
      0.8733715295952894,
      0.871292329200328,
      0.8749724816904063,
      0.9101372572402335,
      0.9478963864213926,
      0.9505840712158513,
      0.9257942329090925,
      0.8584517866254551,
      0.8450960221148482,
      0.8449161733039692,
      0.8449500236746756,
      0.8539858053475292,
      0.9026589189945057,
      0.864987019472385,
      0.6302321082734711,
      0.23634733810995193,
      0.10106675916162548,
      0.012025482412591939,
      0.0005306665504553396,
      0.0005306665504553396,
      0.0005306665504553396,
      0.0005306665504553396
    ],
    [
      0.840047154247727,
      0.7910627739319971,
      0.8231659536746249,
      0.8689845474924611,
      0.8956265184669397,
      0.923349577301496,
      0.6621842160523117,
      0.31681418883540186,
      0.22146477248571253,
      0.20689327555149872,
      0.25142782799919505,
      0.5159496731551064,
      0.6437375290526924,
      0.627624036096574,
      0.5986401950192447,
      0.356933007822822,
      0.15025287984036756,
      0.12337562505785085,
      0.12915523953073674,
      0.23437549928182602,
      0.49976911404454877,
      0.5185051735976645,
      0.7079072536967304,
      0.7044581924371385,
      0.6130552290884883,
      0.21376745275297587,
      0.0727472801504737,
      0.009064204702656148,
      0.0005306665504553396,
      0.0005306665504553396
    ],
    [
      0.12612734447820645,
      0.09824481611939427,
      0.10893823043419013,
      0.12058782042926425,
      0.23801181060878412,
      0.699685130737372,
      0.7603914294714448,
      0.34963762849311736,
      0.14083582171049372,
      0.034362509384224964,
      0.12612701177505548,
      0.5405318818565048,
      0.3184193849751336,
      0.210101758002657,
      0.5358149072852549,
      0.6346630191067876,
      0.2494012284174975,
      0.039080355871895546,
      0.047964379035464653,
      0.37569850096682095,
      0.5292738554388644,
      0.1571849777522138,
      0.11293853965682611,
      0.2571149285173861,
      0.6924971534533265,
      0.7118898006923853,
      0.5787087406607128,
      0.19843859775000278,
      0.05115522218618295,
      0.007423188220010226
    ],
    [
      0.0005306665504553396,
      0.0005306665504553396,
      0.0005306665504553396,
      0.0005306665504553396,
      0.01146541642132246,
      0.17036122851863414,
      0.5636739182736664,
      0.7110582564538709,
      0.6715622277222271,
      0.2959071640888387,
      0.3481923360693731,
      0.567618081617126,
      0.1401865566739431,
      0.017406520800309484,
      0.13841781001488707,
      0.48721307599802793,
      0.5838277777033969,
      0.34318316127778153,
      0.2757213792825298,
      0.5257220203535757,
      0.250372157364281,
      0.018613779908279456,
      0.0007954303678052746,
      0.01436465632550488,
      0.11470739731263753,
      0.2919524950732978,
      0.6956783352576884,
      0.6841275538112335,
      0.45572315674218844,
      0.17741833308170843
    ],
    [
      0.0005306665504553396,
      0.0005306665504553396,
      0.0005306665504553396,
      0.0005306665504553396,
      0.0005306665504553396,
      0.008741365982716817,
      0.07295028438602878,
      0.2182634474306368,
      0.661018084718786,
      0.8203081920955209,
      0.6973905841971053,
      0.22828250267063377,
      0.016118252857387556,
      0.0006159218752951419,
      0.006968022818786119,
      0.072573835579412,
      0.3181475836991234,
      0.725399264396213,
      0.6840709087938706,
      0.33035214090261944,
      0.038002450749701065,
      0.0014275016240517617,
      0.0005306665504553396,
      0.0005306665504553396,
      0.001734837105709058,
      0.020478202869142162,
      0.12719752831831987,
      0.37314661266728677,
      0.8148860607097692,
      0.7831408015793048
    ],
    [
      0.0005306665504553396,
      0.0005306665504553396,
      0.0005306665504553396,
      0.0005306665504553396,
      0.0005306665504553396,
      0.008741365982644196,
      0.07295028438541463,
      0.21826344742970014,
      0.6610180847167506,
      0.8203081920952459,
      0.6973905841990631,
      0.22828250267138936,
      0.016118252857415076,
      0.0006159218752974291,
      0.006968022818919353,
      0.07257383558136263,
      0.3181475837044153,
      0.7253992643979917,
      0.6840709087915652,
      0.33035214090308246,
      0.03800245075045244,
      0.0014275016240931472,
      0.0005306665504553396,
      0.0005306665504553396,
      0.0017348371056249286,
      0.020478202868597573,
      0.12719752831732675,
      0.3731466126645338,
      0.8148860607099937,
      0.7831408015800134
    ],
    [
      0.0005306665504553396,
      0.0005306665504553396,
      0.0005306665504553396,
      0.0005306665504553396,
      0.011465416421248481,
      0.17036122851713653,
      0.5636739182705328,
      0.7110582564530696,
      0.6715622277214488,
      0.2959071640893399,
      0.3481923360717948,
      0.5676180816182329,
      0.14018655667470642,
      0.017406520800561872,
      0.138417810016952,
      0.487213076004022,
      0.583827777704249,
      0.34318316127229154,
      0.2757213792769152,
      0.5257220203530217,
      0.2503721573658159,
      0.01861377990855729,
      0.0007954303677961969,
      0.014364656325436547,
      0.11470739731183498,
      0.2919524950701726,
      0.6956783352572893,
      0.6841275538112395,
      0.4557231567460756,
      0.17741833308317953
    ],
    [
      0.1261273444781512,
      0.09824481611912472,
      0.108938230434,
      0.12058782042923831,
      0.23801181060793536,
      0.6996851307345485,
      0.7603914294706411,
      0.3496376284947381,
      0.14083582171121464,
      0.03436250938460108,
      0.12612701177583693,
      0.5405318818584703,
      0.3184193849787756,
      0.21010175800534533,
      0.5358149072884505,
      0.6346630191085513,
      0.24940122841501525,
      0.03908035587019523,
      0.047964379034271976,
      0.37569850096325325,
      0.5292738554377413,
      0.1571849777524827,
      0.11293853965677451,
      0.2571149285170085,
      0.6924971534531805,
      0.7118898006922623,
      0.5787087406636069,
      0.19843859775100614,
      0.05115522218689044,
      0.007423188220128879
    ],
    [
      0.840047154247376,
      0.7910627739308536,
      0.8231659536738027,
      0.8689845474923052,
      0.8956265184668313,
      0.9233495773012551,
      0.6621842160544082,
      0.3168141888383027,
      0.22146477248775734,
      0.20689327555320966,
      0.2514278280005363,
      0.5159496731567756,
      0.6437375290560925,
      0.6276240360991528,
      0.5986401950188611,
      0.35693300782193815,
      0.15025287983965527,
      0.12337562505774478,
      0.1291552395305925,
      0.23437549928029852,
      0.49976911404278485,
      0.5185051735979089,
      0.7079072536966793,
      0.7044581924371468,
      0.61305522908907,
      0.2137674527532873,
      0.07274728015106083,
      0.009064204702731485,
      0.0005306665504553396,
      0.0005306665504553396
    ],
    [
      0.996380979690964,
      0.9807525351529701,
      0.9897650972767871,
      0.9987924509053628,
      0.9999999999999999,
      0.9905308229096096,
      0.9210568324380564,
      0.8863026163786826,
      0.8733715295958127,
      0.8712923292008068,
      0.8749724816907379,
      0.9101372572404436,
      0.9478963864218355,
      0.9505840712163122,
      0.9257942329086665,
      0.8584517866252892,
      0.8450960221148377,
      0.8449161733039691,
      0.8449500236746738,
      0.8539858053474296,
      0.9026589189940869,
      0.8649870194722676,
      0.6302321082723843,
