{
  "beta": [
    1.0,
    1.0,
    1.0,
    1.0,
    1.0,
    1.0,
    1.0,
    1.0,
    1.0,
    1.0,
    1.2,
    1.2,
    1.2,
    1.2,
    1.2,
    1.2,
    1.2,
    1.2,
    1.2,
    1.2,
    1.44,
    1.44,
    1.44,
    1.44,
    1.44,
    1.44,
    1.44,
    1.44,
    1.44,
    1.44,
    1.728,
    1.728,
    1.728,
    1.728,
    1.728,
    1.728,
    1.728,
    1.728,
    1.728,
    1.728,
    2.0736,
    2.0736,
    2.0736,
    2.0736,
    2.0736,
    2.0736,
    2.0736,
    2.0736,
    2.0736,
    2.0736
  ],
  "iteration": [
    1,
    2,
    3,
    4,
    5,
    6,
    7,
    8,
    9,
    10,
    11,
    12,
    13,
    14,
    15,
    16,
    17,
    18,
    19,
    20,
    21,
    22,
    23,
    24,
    25,
    26,
    27,
    28,
    29,
    30,
    31,
    32,
    33,
    34,
    35,
    36,
    37,
    38,
    39,
    40,
    41,
    42,
    43,
    44,
    45,
    46,
    47,
    48,
    49,
    50
  ],
  "max_density_change": [
    0.20000000000000007,
    0.2,
    0.20000000000000007,
    0.20000000000000007,
    0.18805321364443106,
    0.20000000000000007,
    0.14896714251862886,
    0.20000000000000007,
    0.14432924527510893,
    0.20000000000000007,
    0.14965375087194277,
    0.17584533527140955,
    0.15573194177640803,
    0.1514002627098896,
    0.13760926064872814,
    0.11533837767812083,
    0.10131266425182328,
    0.0853783659315126,
    0.06895884053696488,
    0.06613214430906522,
    0.06302814922904598,
    0.07195644388898859,
    0.05236749310945621,
    0.054803363006878714,
    0.043742707487784194,
    0.0420533576632004,
    0.05413158715491839,
    0.054399023975296945,
    0.05898286520826157,
    0.05711861625361114,
    0.0650044928692265,
    0.050249316627586915,
    0.04624140170454516,
    0.03437000836967352,
    0.03607322252513767,
    0.03130311873055802,
    0.02825002871502391,
    0.026373638659373366,
    0.02451291684512502,
    0.022424751421158073,
    0.05038236914996541,
    0.025387321739261615,
    0.03112030447572567,
    0.021426255560072383,
    0.022980902307578877,
    0.015361063026395727,
    0.016225877814604828,
    0.014516472409067172,
    0.011844989177659637,
    0.012297134676006849
  ],
  "objective": [
    1908.0734265493584,
    1081.9857754911438,
    756.982934423465,
    629.9443649950417,
    579.1866899520053,
    553.711920277453,
    532.4167695859273,
    516.3280827218786,
    503.0500169048164,
    491.5934173929636,
    484.4331599198851,
    474.93566046417016,
    466.8288551607572,
    459.513748185243,
    453.516004856965,
    448.0674135759637,
    443.74219747960956,
    439.5329245030717,
    436.08944749045594,
    432.6510986785063,
    428.64987973099585,
    424.9370373640768,
    421.91633835818806,
    418.7271950278431,
    415.9217182682843,
    412.93869225134546,
    409.94177224175013,
    406.640268990061,
    403.2489101458317,
    399.6804351454191,
    390.87331857087327,
    387.00720225430604,
    384.03950745894565,
    381.5080271192967,
    379.5878187753159,
    378.04235586583235,
    376.793692292946,
    375.80057665201895,
    374.9963431866471,
    374.33596541237125,
    365.54332516919067,
    364.6609643767148,
    364.1408892152922,
    363.6163976841185,
    363.23165611117724,
    362.85715251357277,
    362.57617136101413,
    362.31528236888573,
    362.10563760154565,
    361.9029703548786
  ],
  "volume_fraction": [
    0.3921615513954205,
    0.39412400922024743,
    0.39288715349120085,
    0.39166459054114955,
    0.3917268645108503,
    0.391345539865812,
    0.3919713059872552,
    0.391903982574807,
    0.3924221503789996,
    0.39251151510445814,
    0.3910945170924069,
    0.39143014733720555,
    0.3918179024709766,
    0.39216543107716695,
    0.39240914124756227,
    0.39272410269424035,
    0.39287211742573597,
    0.39315989911223514,
    0.3932824613960292,
    0.39351502850381387,
    0.39212174406909794,
    0.3924916220772508,
    0.3926584582390965,
    0.39293484955401603,
    0.3930944926348282,
    0.39335213247960354,
    0.3935664110680401,
    0.39385064470400266,
    0.39410779049477523,
    0.3943974952600638,
    0.3936071814761713,
    0.39411229838793477,
    0.39437516431973735,
    0.3946439630994642,
    0.39482370963222024,
    0.39497135452703297,
    0.39509401558969465,
    0.3951957141503563,
    0.39527551201235867,
    0.3953368630839908,
    0.394641841133769,
    0.3948362613895847,
    0.39488383750353506,
    0.39497064706667356,
    0.39500321894751456,
    0.3950515343318966,
    0.3950704655164432,
    0.3950954265817639,
    0.3951072452420531,
    0.395129609141863
  ]
}
